Liste,Section,Genre,Nom,Position,Tete de liste
ALIANS MATINIK,Centre,f,Josette MANIN,1,0
ALIANS MATINIK,Centre,m,Félix MERINE,2,0
ALIANS MATINIK,Centre,f,Patricia TELLE,3,0
ALIANS MATINIK,Centre,m,David ZOBDA,4,0
ALIANS MATINIK,Centre,f,Audrey THALY-BARDOL,5,0
ALIANS MATINIK,Centre,m,Fred CLIO,6,0
ALIANS MATINIK,Centre,f,Monette TAUREL,7,0
ALIANS MATINIK,Centre,m,Olivier MARIE-REINE,8,0
ALIANS MATINIK,Centre,f,Yannick ETIENNE-NOTTE,9,0
ALIANS MATINIK,Centre,m,Georges-Henri LAGIER,10,0
ALIANS MATINIK,Centre,f,Sylvie AJOUP-GUSTO,11,0
ALIANS MATINIK,Centre,m,Thierry FONDELOT,12,0
ALIANS MATINIK,Centre,f,Rostita CAVALIER,13,0
ALIANS MATINIK,Centre,m,Charles PIDERI,14,0
ALIANS MATINIK,Centre,f,Nicaise EUGENIE,15,0
ALIANS MATINIK,Centre,m,Alexandre SIVAGER,16,0
ALIANS MATINIK,Centre,f,Hermine VILLARSIN,17,0
ALIANS MATINIK,Fort-de-France,m,Serge LETCHIMY,1,1
ALIANS MATINIK,Fort-de-France,f,Bénédicte DI GERONIMO,2,0
ALIANS MATINIK,Fort-de-France,m,Didier LAGUERRE,3,0
ALIANS MATINIK,Fort-de-France,f,Michelle MONROSE,4,0
ALIANS MATINIK,Fort-de-France,m,Jean-Claude DUVERGER,5,0
ALIANS MATINIK,Fort-de-France,f,Sandra CASANOVA,6,0
ALIANS MATINIK,Fort-de-France,m,Alexandre VENTADOUR,7,0
ALIANS MATINIK,Fort-de-France,f,Marie-Ange RAVIN,8,0
ALIANS MATINIK,Fort-de-France,m,Charles CHAMMAS,9,0
ALIANS MATINIK,Fort-de-France,f,Valérie VERTALE LORIOT,10,0
ALIANS MATINIK,Fort-de-France,m,Manuel GHUNAIM,11,0
ALIANS MATINIK,Fort-de-France,f,Audrey ALEINS,12,0
ALIANS MATINIK,Fort-de-France,m,José BLEZES,13,0
ALIANS MATINIK,Fort-de-France,f,Sabrina JOACHIM MIRVILLE,14,0
ALIANS MATINIK,Fort-de-France,m,Charles-Henri MICHAUX,15,0
ALIANS MATINIK,Nord,m,Bruno Nestor AZEROT,1,0
ALIANS MATINIK,Nord,f,Jenny DULYS-PETIT,2,0
ALIANS MATINIK,Nord,m,Jean-Claude ECANVIL,3,0
ALIANS MATINIK,Nord,f,Yolène LARGEN-MARINE,4,0
ALIANS MATINIK,Nord,m,Félix ISMAIN,5,0
ALIANS MATINIK,Nord,f,Marie Thérèse CASIMIRIUS,6,0
ALIANS MATINIK,Nord,m,Lucien SALIBER,7,0
ALIANS MATINIK,Nord,f,Séverine TERMON,8,0
ALIANS MATINIK,Nord,m,Eric DUFEAL,9,0
ALIANS MATINIK,Nord,f,Lydia BEAULIEU,10,0
ALIANS MATINIK,Nord,m,Jean-Louis MARIE-LOUISE,11,0
ALIANS MATINIK,Nord,f,Rose-Marie GENOT PLESDIN,12,0
ALIANS MATINIK,Nord,m,Thierry COLER,13,0
ALIANS MATINIK,Nord,f,Véronique PAMPHILE,14,0
ALIANS MATINIK,Nord,m,Maurice BONTE,15,0
ALIANS MATINIK,Nord,f,"Stéphanie, Christiane ROY-BELLEPLAINE, CLEMENTE",16,0
ALIANS MATINIK,Sud,m,Nicaise MONROSE,1,0
ALIANS MATINIK,Sud,f,Jocelyne PANZO,2,0
ALIANS MATINIK,Sud,m,Arnaud RENE-CORAIL,3,0
ALIANS MATINIK,Sud,f,Rosalie DUNON,4,0
ALIANS MATINIK,Sud,m,Fernand Bruno ODONNAT,5,0
ALIANS MATINIK,Sud,f,Nadia ACCUS ADAINE,6,0
ALIANS MATINIK,Sud,m,David DINAL,7,0
ALIANS MATINIK,Sud,f,Léa BELLAY RAVION,8,0
ALIANS MATINIK,Sud,m,Hervé TOUSSAY,9,0
ALIANS MATINIK,Sud,f,"Lydie BRUSSET, LUCE-VERONIQUE",10,0
ALIANS MATINIK,Sud,m,Jimmy TELGA,11,0
ALIANS MATINIK,Sud,f,Christelle PIQUIONNE,12,0
ALIANS MATINIK,Sud,m,José MAURICE,13,0
ALIANS MATINIK,Sud,f,Marcelle PIERRE-EMILE,14,0
ALIANS MATINIK,Sud,m,Frantz CABIT,15,0
ALIANS MATINIK,Sud,f,"Patricia LOUIS-THERESE, BURLET",16,0
RESPE,Centre,f,Rita BONHEUR,1,0
RESPE,Centre,m,Franck RAYMOND,2,0
RESPE,Centre,f,Jacqueline RANGOLY,3,0
RESPE,Centre,m,Félix RELAUTTE,4,0
RESPE,Centre,f,Nicole CAGE,5,0
RESPE,Centre,m,Fred LAGIER,6,0
RESPE,Centre,f,Rose-Hélène MILIDATE,7,0
RESPE,Centre,m,Patrick RICHARDSON,8,0
RESPE,Centre,f,Géraldine LOUIS-MIRTILE,9,0
RESPE,Centre,m,Jean-Marc JEANNET,10,0
RESPE,Centre,f,Mélody BONHEUR,11,0
RESPE,Centre,m,Victor ROSIER-COCO,12,0
RESPE,Centre,f,Gabrielle NIVERT,13,0
RESPE,Centre,m,François RENEL,14,0
RESPE,Centre,f,Rosalie JEAN-BAPTISTE,15,0
RESPE,Centre,m,Pierre-Philippe LANDAU,16,0
RESPE,Centre,f,Maguy LINISE,17,0
RESPE,Fort-de-France,m,Philippe PIERRE-CHARLES,1,0
RESPE,Fort-de-France,f,Marie-Josèphe HARDY-DESSOURCES,2,0
RESPE,Fort-de-France,m,Max DORLEANS,3,0
RESPE,Fort-de-France,f,Claudia CHICOT,4,0
RESPE,Fort-de-France,m,Marcel BEROL,5,0
RESPE,Fort-de-France,f,Valérie JEAN-BAPTISTE,6,0
RESPE,Fort-de-France,m,Marc MAHIER,7,0
RESPE,Fort-de-France,f,Flora CRETINOIR,8,0
RESPE,Fort-de-France,m,Emile FLAVIEN,9,0
RESPE,Fort-de-France,f,Emmanuelle CLEMENT,10,0
RESPE,Fort-de-France,m,Jean-Baptiste GERMACK,11,0
RESPE,Fort-de-France,f,Yvette CHEVRY,12,0
RESPE,Fort-de-France,m,Alain BOIS,13,0
RESPE,Fort-de-France,f,Denise COUDIN,14,0
RESPE,Fort-de-France,m,Gérard BOUHOT,15,0
RESPE,Nord,m,Marcel SELLAYE,1,1
RESPE,Nord,f,Marie-Louise BROCHE,2,0
RESPE,Nord,m,Denis DELAGE,3,0
RESPE,Nord,f,Sonia BELLEAU,4,0
RESPE,Nord,m,Garry AÏNAMA,5,0
RESPE,Nord,f,Denise DUCART,6,0
RESPE,Nord,m,Youri HERELLE,7,0
RESPE,Nord,f,Léa ANGELO,8,0
RESPE,Nord,m,Frédéric GRANJEAN,9,0
RESPE,Nord,f,Vanessa RETOUR,10,0
RESPE,Nord,m,Jean CARUGE,11,0
RESPE,Nord,f,Francine GUIOUBLY,12,0
RESPE,Nord,m,Benjamin SELLAYE,13,0
RESPE,Nord,f,Alicia CORBION,14,0
RESPE,Nord,m,Jonathan VITULIN,15,0
RESPE,Nord,f,Nicole CHARLES,16,0
RESPE,Sud,f,George ARNAULD,1,0
RESPE,Sud,m,Fabrice CELESTIN,2,0
RESPE,Sud,f,Laura SELLAYE,3,0
RESPE,Sud,m,Philippe CONCY,4,0
RESPE,Sud,f,Michèle CIDALISE,5,0
RESPE,Sud,m,Laurent NADIR,6,0
RESPE,Sud,f,Armande PICOULY,7,0
RESPE,Sud,m,Alfred FONTAINE,8,0
RESPE,Sud,f,Annie JEAN-CHRISTOPHE,9,0
RESPE,Sud,m,Elie HIERSO,10,0
RESPE,Sud,f,Dominique MARTINY,11,0
RESPE,Sud,m,Pierre LANOIX,12,0
RESPE,Sud,f,Jeanne DONDON,13,0
RESPE,Sud,m,Myo SABIN,14,0
RESPE,Sud,f,Annie BOURDIN,15,0
RESPE,Sud,m,René APAT,16,0
ANSAM POU PEYI NOU,Centre,m,Samuel TAVERNIER,1,0
ANSAM POU PEYI NOU,Centre,f,Annick Sabas CHARLEC,2,0
ANSAM POU PEYI NOU,Centre,m,Patrick PETITO,3,0
ANSAM POU PEYI NOU,Centre,f,Gwladys Marie-Michelle COLER,4,0
ANSAM POU PEYI NOU,Centre,m,Emile Eloi AGOT,5,0
ANSAM POU PEYI NOU,Centre,f,Tania Edith TOUSSAINT,6,0
ANSAM POU PEYI NOU,Centre,m,Wiltord HARNAIS,7,0
ANSAM POU PEYI NOU,Centre,f,Louise TELLE,8,0
ANSAM POU PEYI NOU,Centre,m,David VERNEUIL-SAINTE-LUCE,9,0
ANSAM POU PEYI NOU,Centre,f,Nadiège LITTRE EPOUSE JEAN-BAPTISTE-AUGUSTIN,10,0
ANSAM POU PEYI NOU,Centre,m,Richard BARTHELERY,11,0
ANSAM POU PEYI NOU,Centre,f,Miguelle Calixte ARINNE,12,0
ANSAM POU PEYI NOU,Centre,m,Jean LANOIX,13,0
ANSAM POU PEYI NOU,Centre,f,Catherine DE GONZALGUE,14,0
ANSAM POU PEYI NOU,Centre,m,Paul Alain OCTAVIE,15,0
ANSAM POU PEYI NOU,Centre,f,Marie-Hélène BAUR,16,0
ANSAM POU PEYI NOU,Centre,m,Philippe FERJUL,17,0
ANSAM POU PEYI NOU,Fort-de-France,f,Pascale MOURIESSE,1,0
ANSAM POU PEYI NOU,Fort-de-France,m,Noé MALOUDA,2,0
ANSAM POU PEYI NOU,Fort-de-France,f,Marie-France TOUL,3,0
ANSAM POU PEYI NOU,Fort-de-France,m,Jean-René BARCLAY,4,0
ANSAM POU PEYI NOU,Fort-de-France,f,Marie-Line LESDEMA,5,0
ANSAM POU PEYI NOU,Fort-de-France,m,Yves-André JOSEPH,6,0
ANSAM POU PEYI NOU,Fort-de-France,f,Nathalie JOS,7,0
ANSAM POU PEYI NOU,Fort-de-France,m,Georges Dit Joko GROMAT,8,0
ANSAM POU PEYI NOU,Fort-de-France,f,Laëtitia PRIVAT,9,0
ANSAM POU PEYI NOU,Fort-de-France,m,Thierry RENARD,10,0
ANSAM POU PEYI NOU,Fort-de-France,f,Yvonne ULRIC,11,0
ANSAM POU PEYI NOU,Fort-de-France,m,Hervé ETILE,12,0
ANSAM POU PEYI NOU,Fort-de-France,f,Lijy AUGUSTIN,13,0
ANSAM POU PEYI NOU,Fort-de-France,m,Jean-Panel ORA,14,0
ANSAM POU PEYI NOU,Fort-de-France,f,Daniella MARINE,15,0
ANSAM POU PEYI NOU,Nord,m,Marcellin NADEAU,1,0
ANSAM POU PEYI NOU,Nord,f,Manuela KECLARD-MONDESIR,2,0
ANSAM POU PEYI NOU,Nord,m,Raphaël MARTINE,3,0
ANSAM POU PEYI NOU,Nord,f,Nadine RENARD,4,0
ANSAM POU PEYI NOU,Nord,m,Franck SAINTE-ROSE-ROSEMOND,5,0
ANSAM POU PEYI NOU,Nord,f,Jocelyne SABINE,6,0
ANSAM POU PEYI NOU,Nord,m,Louis-Georges GRIFFIT,7,0
ANSAM POU PEYI NOU,Nord,f,Cynthia YERRO,8,0
ANSAM POU PEYI NOU,Nord,m,Kévin CAPRON,9,0
ANSAM POU PEYI NOU,Nord,f,Sandrine SAINT-AIME,10,0
ANSAM POU PEYI NOU,Nord,m,Jean-François Elie DULEME,11,0
ANSAM POU PEYI NOU,Nord,f,Christine ALIKER,12,0
ANSAM POU PEYI NOU,Nord,m,Guy ANNONAY,13,0
ANSAM POU PEYI NOU,Nord,f,Nadia JEAN-ANGELE HAMADENE,14,0
ANSAM POU PEYI NOU,Nord,m,Jacky Timothée ESPARTERO,15,0
ANSAM POU PEYI NOU,Nord,f,Youly AGASTA,16,0
ANSAM POU PEYI NOU,Sud,m,Jean-Philippe NILOR,1,1
ANSAM POU PEYI NOU,Sud,f,Aurélie NELLA,2,0
ANSAM POU PEYI NOU,Sud,m,Jean-François Emmanuel BEAUNOL,3,0
ANSAM POU PEYI NOU,Sud,f,Christelle HENDERSON,4,0
ANSAM POU PEYI NOU,Sud,m,Georges CLEON,5,0
ANSAM POU PEYI NOU,Sud,f,Michelle BONNAIRE,6,0
ANSAM POU PEYI NOU,Sud,m,Hugues TOUSSAY,7,0
ANSAM POU PEYI NOU,Sud,f,Maryse PLANTIN,8,0
ANSAM POU PEYI NOU,Sud,m,Denis LOUIS-REGIS,9,0
ANSAM POU PEYI NOU,Sud,f,Aurélie BOISNOIR,10,0
ANSAM POU PEYI NOU,Sud,m,Jérémie FERDINAND,11,0
ANSAM POU PEYI NOU,Sud,f,Yasmina ELISABETH,12,0
ANSAM POU PEYI NOU,Sud,m,Roland ROSILLETTE,13,0
ANSAM POU PEYI NOU,Sud,f,Maguy JOACHIM,14,0
ANSAM POU PEYI NOU,Sud,m,Michel-Henri BESSARD,15,0
ANSAM POU PEYI NOU,Sud,f,Anne BERISSON,16,0
RENAISSANCE MARTINIQUE,Centre,m,Florent GRABIN,1,0
RENAISSANCE MARTINIQUE,Centre,f,Otilia FERREIRA,2,0
RENAISSANCE MARTINIQUE,Centre,m,Emmanuel DE REYNAL,3,0
RENAISSANCE MARTINIQUE,Centre,f,Jacqueline JOUGON,4,0
RENAISSANCE MARTINIQUE,Centre,m,Yvon JOSEPH-HENRI,5,0
RENAISSANCE MARTINIQUE,Centre,f,Victoire PAROT,6,0
RENAISSANCE MARTINIQUE,Centre,m,Francky FOURLIN,7,0
RENAISSANCE MARTINIQUE,Centre,f,Ellen RICHOL,8,0
RENAISSANCE MARTINIQUE,Centre,m,Jérôme BROCHARD,9,0
RENAISSANCE MARTINIQUE,Centre,f,Véronique ANTONI,10,0
RENAISSANCE MARTINIQUE,Centre,m,Julien GOUAIT,11,0
RENAISSANCE MARTINIQUE,Centre,f,Linda LAVIER,12,0
RENAISSANCE MARTINIQUE,Centre,m,Olivier PERITO,13,0
RENAISSANCE MARTINIQUE,Centre,f,Marie-Line EUPHROSINE,14,0
RENAISSANCE MARTINIQUE,Centre,m,Jean-Claude JEAN-BAPTISTE-EDOUARD,15,0
RENAISSANCE MARTINIQUE,Centre,f,Katia Agnès FRANCIL,16,0
RENAISSANCE MARTINIQUE,Centre,m,Jean-Claude VERJUT,17,0
RENAISSANCE MARTINIQUE,Fort-de-France,m,Max ORVILLE,1,1
RENAISSANCE MARTINIQUE,Fort-de-France,f,Christelle SAMOT,2,0
RENAISSANCE MARTINIQUE,Fort-de-France,m,Thierry LESEL,3,0
RENAISSANCE MARTINIQUE,Fort-de-France,f,Marie-Béatrice BALMY,4,0
RENAISSANCE MARTINIQUE,Fort-de-France,m,Pierre SANDRESCHI,5,0
RENAISSANCE MARTINIQUE,Fort-de-France,f,Betty BALUSTRE,6,0
RENAISSANCE MARTINIQUE,Fort-de-France,m,Guillaume REYNAL DE SAINT-MICHEL,7,0
RENAISSANCE MARTINIQUE,Fort-de-France,f,Nicole MATAR,8,0
RENAISSANCE MARTINIQUE,Fort-de-France,m,Louis BRUNO,9,0
RENAISSANCE MARTINIQUE,Fort-de-France,f,Chantal JEAN-MARIE,10,0
RENAISSANCE MARTINIQUE,Fort-de-France,m,Vital MONSORO,11,0
RENAISSANCE MARTINIQUE,Fort-de-France,f,Francette PAULA,12,0
RENAISSANCE MARTINIQUE,Fort-de-France,m,Jérémie JOX,13,0
RENAISSANCE MARTINIQUE,Fort-de-France,f,Isabelle ZALI,14,0
RENAISSANCE MARTINIQUE,Fort-de-France,m,Paulin KICHENASSAMY,15,0
RENAISSANCE MARTINIQUE,Nord,m,Elie CARONIQUE,1,0
RENAISSANCE MARTINIQUE,Nord,f,Eline GAMESS,2,0
RENAISSANCE MARTINIQUE,Nord,m,Raoul MARAN,3,0
RENAISSANCE MARTINIQUE,Nord,f,Régine ROBINEL,4,0
RENAISSANCE MARTINIQUE,Nord,m,Bruno PILLOME,5,0
RENAISSANCE MARTINIQUE,Nord,f,Françoise PARACLET,6,0
RENAISSANCE MARTINIQUE,Nord,m,Christophe ZALI,7,0
RENAISSANCE MARTINIQUE,Nord,f,Joséphine JANVION,8,0
RENAISSANCE MARTINIQUE,Nord,m,Charles BATAILLE,9,0
RENAISSANCE MARTINIQUE,Nord,f,Agnès LAUTONE,10,0
RENAISSANCE MARTINIQUE,Nord,m,Victor GATEAU,11,0
RENAISSANCE MARTINIQUE,Nord,f,Giovanna ROCHAMBEAU,12,0
RENAISSANCE MARTINIQUE,Nord,m,Yannis BRIDE,13,0
RENAISSANCE MARTINIQUE,Nord,f,Christine SAMATHAY,14,0
RENAISSANCE MARTINIQUE,Nord,m,Ayrton LESEL,15,0
RENAISSANCE MARTINIQUE,Nord,f,Carine Angèle PAPIN-LEPINE,16,0
RENAISSANCE MARTINIQUE,Sud,m,Maurice LAOUCHEZ,1,0
RENAISSANCE MARTINIQUE,Sud,f,Suzanne LATIF,2,0
RENAISSANCE MARTINIQUE,Sud,m,Josselin ARDON,3,0
RENAISSANCE MARTINIQUE,Sud,f,Christelle RENE-CORAIL,4,0
RENAISSANCE MARTINIQUE,Sud,m,Fred CHALONS,5,0
RENAISSANCE MARTINIQUE,Sud,f,Lise VALGAIRE,6,0
RENAISSANCE MARTINIQUE,Sud,m,Boris VIGILANT,7,0
RENAISSANCE MARTINIQUE,Sud,f,Sandra RAMSAHAÏ,8,0
RENAISSANCE MARTINIQUE,Sud,m,Eric AVRIL,9,0
RENAISSANCE MARTINIQUE,Sud,f,Yasmine SAINT-CYR,10,0
RENAISSANCE MARTINIQUE,Sud,m,Kéran RUDIER,11,0
RENAISSANCE MARTINIQUE,Sud,f,Gwenola COMA,12,0
RENAISSANCE MARTINIQUE,Sud,m,Daniel WURM,13,0
RENAISSANCE MARTINIQUE,Sud,f,Marie-Line Louise ARDES,14,0
RENAISSANCE MARTINIQUE,Sud,m,Jacques-Michel CLEORON,15,0
RENAISSANCE MARTINIQUE,Sud,f,Audrey TISSEUR,16,0
NOU KA FE YONN,Centre,f,Béatrice BELLAY,1,1
NOU KA FE YONN,Centre,m,Frédéric BERET,2,0
NOU KA FE YONN,Centre,f,Maguy BELONY,3,0
NOU KA FE YONN,Centre,m,José Léonce CRISPIN,4,0
NOU KA FE YONN,Centre,f,Dominique DEROND,5,0
NOU KA FE YONN,Centre,m,Denis Eric SURIAM,6,0
NOU KA FE YONN,Centre,f,Aurélie THOMERT,7,0
NOU KA FE YONN,Centre,m,Thierry LEBRUN,8,0
NOU KA FE YONN,Centre,f,Lucrécia ROSAMOND,9,0
NOU KA FE YONN,Centre,m,Jean-Philippe MOUTOUSSAMY,10,0
NOU KA FE YONN,Centre,f,Séverine Pascale BASSES,11,0
NOU KA FE YONN,Centre,m,Frédéric François BOMPART,12,0
NOU KA FE YONN,Centre,f,Manuela GHUNAIM,13,0
NOU KA FE YONN,Centre,m,Marc Erick VASSARD,14,0
NOU KA FE YONN,Centre,f,Angélique Nadège DESTON,15,0
NOU KA FE YONN,Centre,m,Grégory GEVAR,16,0
NOU KA FE YONN,Centre,f,Micheline VALERY,17,0
NOU KA FE YONN,Fort-de-France,m,Daniel ROBIN,1,0
NOU KA FE YONN,Fort-de-France,f,Rosette Germaine JEAN-LOUIS,2,0
NOU KA FE YONN,Fort-de-France,m,Christophe VIOLAIN,3,0
NOU KA FE YONN,Fort-de-France,f,Camélia FIMBOU,4,0
NOU KA FE YONN,Fort-de-France,m,Ralph Christian PEMBELE,5,0
NOU KA FE YONN,Fort-de-France,f,Sabine LAURENDON,6,0
NOU KA FE YONN,Fort-de-France,m,Ronald VOTIER,7,0
NOU KA FE YONN,Fort-de-France,f,Corinne COLMAN,8,0
NOU KA FE YONN,Fort-de-France,m,Wilfrid NEROR,9,0
NOU KA FE YONN,Fort-de-France,f,Livia ABATUCI,10,0
NOU KA FE YONN,Fort-de-France,m,Kenny MANUEL,11,0
NOU KA FE YONN,Fort-de-France,f,Dina DIEUZEDE-COPHIRE,12,0
NOU KA FE YONN,Fort-de-France,m,Jude MARIE-MAGDELAINE,13,0
NOU KA FE YONN,Fort-de-France,f,Dorothée Chantal ALHIM,14,0
NOU KA FE YONN,Fort-de-France,m,Paul CONSTANTIN,15,0
NOU KA FE YONN,Nord,f,Nadia CHONVILLE,1,0
NOU KA FE YONN,Nord,m,Joël Marie GRIFFIT,2,0
NOU KA FE YONN,Nord,f,Géraldine DELYON,3,0
NOU KA FE YONN,Nord,m,Hugues MAVOUNGO-NERET,4,0
NOU KA FE YONN,Nord,f,Annick Danielle DESROSES,5,0
NOU KA FE YONN,Nord,m,René Clément CEMERY,6,0
NOU KA FE YONN,Nord,f,Danièle LAMBERT,7,0
NOU KA FE YONN,Nord,m,Patrice DINTIMILLE,8,0
NOU KA FE YONN,Nord,f,Aurélia LOUIS-STANISLAS,9,0
NOU KA FE YONN,Nord,m,Pascal Yves NAIGRE,10,0
NOU KA FE YONN,Nord,f,Luddy Josèphe MARIE-ELEONCY,11,0
NOU KA FE YONN,Nord,m,Michel Luc HIEU,12,0
NOU KA FE YONN,Nord,f,Marie Chantal EMONIDES,13,0
NOU KA FE YONN,Nord,m,Henri André BIRON,14,0
NOU KA FE YONN,Nord,f,Marie-Ange Julienne ZAMY,15,0
NOU KA FE YONN,Nord,m,José GASPALDY,16,0
NOU KA FE YONN,Sud,m,Lucien LOURI,1,0
NOU KA FE YONN,Sud,f,Marie-Jeannisse GOLVET,2,0
NOU KA FE YONN,Sud,m,Christian DACHIR,3,0
NOU KA FE YONN,Sud,f,Marietta LABONNE,4,0
NOU KA FE YONN,Sud,m,Patrick Tiburce BELLAY,5,0
NOU KA FE YONN,Sud,f,Bertina Hyppolite BABO,6,0
NOU KA FE YONN,Sud,m,Jean-Michel CABIT,7,0
NOU KA FE YONN,Sud,f,Sandrine Inès BIZET,8,0
NOU KA FE YONN,Sud,m,Anicet ZADICK,9,0
NOU KA FE YONN,Sud,f,Sylvie LECHEVALIER,10,0
NOU KA FE YONN,Sud,m,Julien André LAMON,11,0
NOU KA FE YONN,Sud,f,Carine HILDERAL,12,0
NOU KA FE YONN,Sud,m,Jean-Daniel GINOT,13,0
NOU KA FE YONN,Sud,f,Marie-Ange DUVAL,14,0
NOU KA FE YONN,Sud,m,Nathaniel Brayane CIDOLIT,15,0
NOU KA FE YONN,Sud,f,Marie Céline MUDARD,16,0
MATINIK DOUBOUT !,Centre,m,Pierre LONDY,1,0
MATINIK DOUBOUT !,Centre,f,Gladys MORMIN,2,0
MATINIK DOUBOUT !,Centre,m,Henri NELIEN,3,0
MATINIK DOUBOUT !,Centre,f,Arienne BELLEGARDE,4,0
MATINIK DOUBOUT !,Centre,m,Gaby YANG-TING,5,0
MATINIK DOUBOUT !,Centre,f,Myriam RAVIER,6,0
MATINIK DOUBOUT !,Centre,m,Guy-André GRAND,7,0
MATINIK DOUBOUT !,Centre,f,Eveline POTIRON-MARTIAL,8,0
MATINIK DOUBOUT !,Centre,m,Kenny VENTADOUR,9,0
MATINIK DOUBOUT !,Centre,f,Sophie VILLENEUVE ÉPOUSE GORON,10,0
MATINIK DOUBOUT !,Centre,m,Alex LEPEL,11,0
MATINIK DOUBOUT !,Centre,f,Monique JOUVAN,12,0
MATINIK DOUBOUT !,Centre,m,Thierry HIPPIAS,13,0
MATINIK DOUBOUT !,Centre,f,Katia AMAR,14,0
MATINIK DOUBOUT !,Centre,m,Joël VICTORIN,15,0
MATINIK DOUBOUT !,Centre,f,Murielle BRAVO,16,0
MATINIK DOUBOUT !,Centre,m,Rose MAZARIN,17,0
MATINIK DOUBOUT !,Fort-de-France,m,Philippe ALINE,1,0
MATINIK DOUBOUT !,Fort-de-France,f,Lyne LECHALLIER,2,0
MATINIK DOUBOUT !,Fort-de-France,m,Stéphan EUGENIA,3,0
MATINIK DOUBOUT !,Fort-de-France,f,Betty ESTRIPEAUT,4,0
MATINIK DOUBOUT !,Fort-de-France,m,Raymond LEMONY,5,0
MATINIK DOUBOUT !,Fort-de-France,f,Marie-Gabrielle MARGUERITE,6,0
MATINIK DOUBOUT !,Fort-de-France,m,Jérémie OPTALY,7,0
MATINIK DOUBOUT !,Fort-de-France,f,Line PERASTE,8,0
MATINIK DOUBOUT !,Fort-de-France,m,Christian ALPHONSINE,9,0
MATINIK DOUBOUT !,Fort-de-France,f,Ghislaine PIVETAL,10,0
MATINIK DOUBOUT !,Fort-de-France,m,Ange BAZILE,11,0
MATINIK DOUBOUT !,Fort-de-France,f,Doryane OZEE EPOUSE LAMPLA,12,0
MATINIK DOUBOUT !,Fort-de-France,m,Alex ZIZI,13,0
MATINIK DOUBOUT !,Fort-de-France,f,Elisa NAROU,14,0
MATINIK DOUBOUT !,Fort-de-France,m,Alex BERNARD,15,0
MATINIK DOUBOUT !,Nord,f,Astrid RODAP,1,0
MATINIK DOUBOUT !,Nord,m,Marcel Léopold OLIERE,2,0
MATINIK DOUBOUT !,Nord,f,Line-Rose TELUSSON,3,0
MATINIK DOUBOUT !,Nord,m,Fabrice RANGUIN,4,0
MATINIK DOUBOUT !,Nord,f,Chantal DEGREEF-CARASCO,5,0
MATINIK DOUBOUT !,Nord,m,Roger GRANGENOIS,6,0
MATINIK DOUBOUT !,Nord,f,Marie Nadine NOMER,7,0
MATINIK DOUBOUT !,Nord,m,Alexandre Emmanuel MARTIAL,8,0
MATINIK DOUBOUT !,Nord,f,Joëlle GODARD,9,0
MATINIK DOUBOUT !,Nord,m,Ellias LARO,10,0
MATINIK DOUBOUT !,Nord,f,Miguèle MONTOUT,11,0
MATINIK DOUBOUT !,Nord,m,Joël JOLY,12,0
MATINIK DOUBOUT !,Nord,f,Netty JEAN-BAPTISTE,13,0
MATINIK DOUBOUT !,Nord,m,Franceman VERNON,14,0
MATINIK DOUBOUT !,Nord,f,Marcelle GRANGENOIS,15,0
MATINIK DOUBOUT !,Nord,m,Roberto ROSE-ANTOINETTE,16,0
MATINIK DOUBOUT !,Sud,m,Philippe PETIT,1,1
MATINIK DOUBOUT !,Sud,f,Isabelle MOLE,2,0
MATINIK DOUBOUT !,Sud,m,Daniel CYTHERE,3,0
MATINIK DOUBOUT !,Sud,f,Nathalie SAINTE-ROSE,4,0
MATINIK DOUBOUT !,Sud,m,Philippe SIVATTE,5,0
MATINIK DOUBOUT !,Sud,f,Charlem PICOT,6,0
MATINIK DOUBOUT !,Sud,m,Pierre MALSA,7,0
MATINIK DOUBOUT !,Sud,f,Hélène BRAFINE,8,0
MATINIK DOUBOUT !,Sud,m,Jean Michel LETQUIMOUNIN,9,0
MATINIK DOUBOUT !,Sud,f,Judith BERNADINE,10,0
MATINIK DOUBOUT !,Sud,m,Tully THELAMON,11,0
MATINIK DOUBOUT !,Sud,f,Christelle PARTY,12,0
MATINIK DOUBOUT !,Sud,m,Judes MARIE-SAINTE,13,0
MATINIK DOUBOUT !,Sud,f,Soraya YAZZA,14,0
MATINIK DOUBOUT !,Sud,m,Jean BAUDIN,15,0
MATINIK DOUBOUT !,Sud,f,Patricia TANASI EPOUSE PETIT,16,0
DECLIC,Centre,f,Joel Christine JEANVILLE EPSE LINORD,1,0
DECLIC,Centre,m,Jerome JOSEPH,2,0
DECLIC,Centre,f,Vanina Julie MILLON-BERTILLE,3,0
DECLIC,Centre,m,Nikita CAPGRAS,4,0
DECLIC,Centre,f,Josiane Brigitte REJON,5,0
DECLIC,Centre,m,Gregory Daniel MANSUELA,6,0
DECLIC,Centre,f,Sarah Emmanuelle REGIS,7,0
DECLIC,Centre,m,Mathias POTIRON,8,0
DECLIC,Centre,f,Nadine ZOBDA,9,0
DECLIC,Centre,m,Romain Yves-André BARCLAIS,10,0
DECLIC,Centre,f,Catherine Olivier MARTHE-ROSE,11,0
DECLIC,Centre,m,Marie-Michel Daniel LORTO,12,0
DECLIC,Centre,f,Quelly Natacha LONETE,13,0
DECLIC,Centre,m,Christophe Eddy CASTOR,14,0
DECLIC,Centre,f,Sandra Marie CABRISSEAU,15,0
DECLIC,Centre,m,Julien LETCHIMY,16,0
DECLIC,Centre,f,Joannifer Chantal JOSEPH,17,0
DECLIC,Fort-de-France,m,Philippe JOCK,1,1
DECLIC,Fort-de-France,f,Laurence HUNEL-OZIER LAFONTAINE,2,0
DECLIC,Fort-de-France,m,Vincent PALCY,3,0
DECLIC,Fort-de-France,f,Nicole EDON-ROMANA,4,0
DECLIC,Fort-de-France,m,Jean-Pierre DOUBEL,5,0
DECLIC,Fort-de-France,f,Corine CHARLES,6,0
DECLIC,Fort-de-France,m,Victor JEAN-BAPTISTE,7,0
DECLIC,Fort-de-France,f,Aurelie Andréa CARBETY,8,0
DECLIC,Fort-de-France,m,Alain LINISE,9,0
DECLIC,Fort-de-France,f,Marie-Laure JORITE,10,0
DECLIC,Fort-de-France,m,Philippe NORBERT,11,0
DECLIC,Fort-de-France,f,Marilyne CHOMET EPOUSE ERICHER,12,0
DECLIC,Fort-de-France,m,Raymond GOUAIT,13,0
DECLIC,Fort-de-France,f,Deborah APANON,14,0
DECLIC,Fort-de-France,m,Julien SELLAYE,15,0
DECLIC,Nord,f,Marie Clotilde HARDY-DESSOURCES,1,0
DECLIC,Nord,m,Daniel CHOMET,2,0
DECLIC,Nord,f,Audrey RETORY,3,0
DECLIC,Nord,m,Jean-Frantz CAUVER,4,0
DECLIC,Nord,f,Nicole SAINT-HONORE,5,0
DECLIC,Nord,m,Henri ROMANA,6,0
DECLIC,Nord,f,Marie-George JEAN,7,0
DECLIC,Nord,m,Jean-Joseph MALIDOR,8,0
DECLIC,Nord,f,Eliane CESTO,9,0
DECLIC,Nord,m,Eric Felix NOLEO,10,0
DECLIC,Nord,f,Lucia PHAROSE,11,0
DECLIC,Nord,m,Georges Joel HARPON,12,0
DECLIC,Nord,f,Line JESBAC,13,0
DECLIC,Nord,m,Hilaire THALMENSY,14,0
DECLIC,Nord,f,Coralie CHABAL,15,0
DECLIC,Nord,m,Willy David LOUISIN,16,0
DECLIC,Sud,m,Serge SAINTE-ROSE,1,0
DECLIC,Sud,f,Lisa AGATHINE,2,0
DECLIC,Sud,m,Henri CAGE,3,0
DECLIC,Sud,f,Clarisse MAITREL,4,0
DECLIC,Sud,m,Jean-Claude MANERE,5,0
DECLIC,Sud,f,Suzy SOREL,6,0
DECLIC,Sud,m,Alain JEANVILLE,7,0
DECLIC,Sud,f,Murielle VENTADOUR,8,0
DECLIC,Sud,m,William PICOT,9,0
DECLIC,Sud,f,Esther DOMERGE-MAIKOOUVA,10,0
DECLIC,Sud,m,Giovanni JUBENOT,11,0
DECLIC,Sud,f,Aurore LARCHER,12,0
DECLIC,Sud,m,Miguel ALLAGUY-SALACHY,13,0
DECLIC,Sud,f,Mylene MANER,14,0
DECLIC,Sud,m,Johan VIOLTON,15,0
DECLIC,Sud,f,Patricia VIGEE,16,0
TOUS POUR LA MARTINIQUE,Centre,m,François SAMATHAY,1,0
TOUS POUR LA MARTINIQUE,Centre,f,Céline Josèphe CROCHERAY,2,0
TOUS POUR LA MARTINIQUE,Centre,m,Cédric Gaëtan JOSEPH-AUGUSTE,3,0
TOUS POUR LA MARTINIQUE,Centre,f,Patricia Timothée TRABOT,4,0
TOUS POUR LA MARTINIQUE,Centre,m,Andy Pascal MARC,5,0
TOUS POUR LA MARTINIQUE,Centre,f,Joëlle GRANGER,6,0
TOUS POUR LA MARTINIQUE,Centre,m,Alexandre Léon GLORIANNE,7,0
TOUS POUR LA MARTINIQUE,Centre,f,Marie Chantal ETILE,8,0
TOUS POUR LA MARTINIQUE,Centre,m,Théo GOURPIL,9,0
TOUS POUR LA MARTINIQUE,Centre,f,Marie-Tessie CHAUVET,10,0
TOUS POUR LA MARTINIQUE,Centre,m,Frantz Philippe PAUL,11,0
TOUS POUR LA MARTINIQUE,Centre,f,Louise Monique LOUISON,12,0
TOUS POUR LA MARTINIQUE,Centre,m,Thierry Patrick BALAIR,13,0
TOUS POUR LA MARTINIQUE,Centre,f,Bernabé Evelyne HIPPOCRATE,14,0
TOUS POUR LA MARTINIQUE,Centre,m,Julian GLORIANNE,15,0
TOUS POUR LA MARTINIQUE,Centre,f,Danielle VOLANGER,16,0
TOUS POUR LA MARTINIQUE,Centre,m,Joakim RINTO,17,0
TOUS POUR LA MARTINIQUE,Fort-de-France,m,Cédric Lionel LUTECETTE,1,0
TOUS POUR LA MARTINIQUE,Fort-de-France,f,Nicole Elise ENELEDA,2,0
TOUS POUR LA MARTINIQUE,Fort-de-France,m,Xiongsheng WU,3,0
TOUS POUR LA MARTINIQUE,Fort-de-France,f,Rachelle Gabrielle LOWENSKY,4,0
TOUS POUR LA MARTINIQUE,Fort-de-France,m,Judes Vincent GELY,5,0
TOUS POUR LA MARTINIQUE,Fort-de-France,f,Mathy Ernest EPHELTION,6,0
TOUS POUR LA MARTINIQUE,Fort-de-France,m,Serge Emile CLOVEL,7,0
TOUS POUR LA MARTINIQUE,Fort-de-France,f,Micheline LIMERY,8,0
TOUS POUR LA MARTINIQUE,Fort-de-France,m,Claude Flavien DICANOT,9,0
TOUS POUR LA MARTINIQUE,Fort-de-France,f,Sabrina Jocelyne DONARDIN,10,0
TOUS POUR LA MARTINIQUE,Fort-de-France,m,Eugène Jean-Michel MANGATA,11,0
TOUS POUR LA MARTINIQUE,Fort-de-France,f,Michèle CAMINADE,12,0
TOUS POUR LA MARTINIQUE,Fort-de-France,m,Joël Yves LUBIN,13,0
TOUS POUR LA MARTINIQUE,Fort-de-France,f,Gaël SAINTE-ROSE,14,0
TOUS POUR LA MARTINIQUE,Fort-de-France,m,Raymond MEZIN,15,0
TOUS POUR LA MARTINIQUE,Nord,m,Ralph Donald Yves MONPLAISIR,1,1
TOUS POUR LA MARTINIQUE,Nord,f,Marie-Line Louise ETIENNE,2,0
TOUS POUR LA MARTINIQUE,Nord,m,Thierry Fortuné MARECHAL,3,0
TOUS POUR LA MARTINIQUE,Nord,f,Georgette Josèphe MANGATA,4,0
TOUS POUR LA MARTINIQUE,Nord,m,Patrice PALCY,5,0
TOUS POUR LA MARTINIQUE,Nord,f,Marie Blanche Dominique DE JAHAM,6,0
TOUS POUR LA MARTINIQUE,Nord,m,Pierre Eléonore MIDELTON,7,0
TOUS POUR LA MARTINIQUE,Nord,f,Rosete Vincente CREMAS,8,0
TOUS POUR LA MARTINIQUE,Nord,m,Adolphe ASTARTE,9,0
TOUS POUR LA MARTINIQUE,Nord,f,Catherine Valentine PETILAIRE,10,0
TOUS POUR LA MARTINIQUE,Nord,m,Rémy ANATOLE,11,0
TOUS POUR LA MARTINIQUE,Nord,f,Suzie ARCADE,12,0
TOUS POUR LA MARTINIQUE,Nord,m,Charles EUPHROSINE,13,0
TOUS POUR LA MARTINIQUE,Nord,f,Josiane CHELIM,14,0
TOUS POUR LA MARTINIQUE,Nord,m,Jean KELSCH,15,0
TOUS POUR LA MARTINIQUE,Nord,f,Anna MOUSTAQUIL,16,0
TOUS POUR LA MARTINIQUE,Sud,f,Audrey Arielle GIRAUD,1,0
TOUS POUR LA MARTINIQUE,Sud,m,Jimmy RAYMOND,2,0
TOUS POUR LA MARTINIQUE,Sud,f,Monique Françoise EPHESTION,3,0
TOUS POUR LA MARTINIQUE,Sud,m,Gustave Gontran AUGIER,4,0
TOUS POUR LA MARTINIQUE,Sud,f,Valérie EDOUARD,5,0
TOUS POUR LA MARTINIQUE,Sud,m,Jean-Marie BERTELOOT,6,0
TOUS POUR LA MARTINIQUE,Sud,f,Claire Rosette LATOUCHENT,7,0
TOUS POUR LA MARTINIQUE,Sud,m,Enzo Antoine LAPLUME,8,0
TOUS POUR LA MARTINIQUE,Sud,f,Jade Sophie MAACHI,9,0
TOUS POUR LA MARTINIQUE,Sud,m,Arnaud Jean-Marc BELLIARD,10,0
TOUS POUR LA MARTINIQUE,Sud,f,Laurence Marie-Line TIBERINUS,11,0
TOUS POUR LA MARTINIQUE,Sud,m,Jean Paul ADLEY,12,0
TOUS POUR LA MARTINIQUE,Sud,f,Yannick Sabine CORAIN,13,0
TOUS POUR LA MARTINIQUE,Sud,m,Félix Christian PORFAL,14,0
TOUS POUR LA MARTINIQUE,Sud,f,Chantal Marthe DESROSES,15,0
TOUS POUR LA MARTINIQUE,Sud,m,Gérald Gilles RONDEL,16,0
GRAN SANBLE POU MATINIK,Centre,m,Philippe EDMOND-MARIETTE,1,0
GRAN SANBLE POU MATINIK,Centre,f,Francine CARIUS,2,0
GRAN SANBLE POU MATINIK,Centre,m,Daniel MARIE-SAINTE,3,0
GRAN SANBLE POU MATINIK,Centre,f,Marie-Hélène LEOTIN,4,0
GRAN SANBLE POU MATINIK,Centre,m,Gilbert COUTURIER,5,0
GRAN SANBLE POU MATINIK,Centre,f,Margaret TANGER,6,0
GRAN SANBLE POU MATINIK,Centre,m,Max CASIMIR,7,0
GRAN SANBLE POU MATINIK,Centre,f,Christiane BAURAS,8,0
GRAN SANBLE POU MATINIK,Centre,m,Serge Christian CAPGRAS,9,0
GRAN SANBLE POU MATINIK,Centre,f,Thomassine Sylviane LABEJOF,10,0
GRAN SANBLE POU MATINIK,Centre,m,Fabrice DUNON,11,0
GRAN SANBLE POU MATINIK,Centre,f,Line-Rose ROSAMONT-URSULET,12,0
GRAN SANBLE POU MATINIK,Centre,m,Sylvio Robert GIBON,13,0
GRAN SANBLE POU MATINIK,Centre,f,Viviane PROSPER,14,0
GRAN SANBLE POU MATINIK,Centre,m,Solen Manussala BAURAS,15,0
GRAN SANBLE POU MATINIK,Centre,f,Guylène BONFEUILLE,16,0
GRAN SANBLE POU MATINIK,Centre,m,Roger ALCINDOR,17,0
GRAN SANBLE POU MATINIK,Fort-de-France,m,Francis CAROLE,1,0
GRAN SANBLE POU MATINIK,Fort-de-France,f,Christiane EMMANUEL,2,0
GRAN SANBLE POU MATINIK,Fort-de-France,m,Miguel LAVENTURE,3,0
GRAN SANBLE POU MATINIK,Fort-de-France,f,Rolande GRUBO,4,0
GRAN SANBLE POU MATINIK,Fort-de-France,m,Clément CHARPENTIER-TITY,5,0
GRAN SANBLE POU MATINIK,Fort-de-France,f,Génya JOS,6,0
GRAN SANBLE POU MATINIK,Fort-de-France,m,Michel BRANCHI,7,0
GRAN SANBLE POU MATINIK,Fort-de-France,f,Sylviane CURTON,8,0
GRAN SANBLE POU MATINIK,Fort-de-France,m,Paul CAZAL,9,0
GRAN SANBLE POU MATINIK,Fort-de-France,f,Jill BOUTRIN,10,0
GRAN SANBLE POU MATINIK,Fort-de-France,m,Gilles JEAN-BAPTISTE,11,0
GRAN SANBLE POU MATINIK,Fort-de-France,f,Vanessa BARTY,12,0
GRAN SANBLE POU MATINIK,Fort-de-France,m,Jean BELLETERRE,13,0
GRAN SANBLE POU MATINIK,Fort-de-France,f,Régine STANISLAS,14,0
GRAN SANBLE POU MATINIK,Fort-de-France,m,Max MONAN,15,0
GRAN SANBLE POU MATINIK,Nord,m,Justin PAMPHILE,1,0
GRAN SANBLE POU MATINIK,Nord,f,Nadia Emilienne LIMIER,2,0
GRAN SANBLE POU MATINIK,Nord,m,Louis BOUTRIN,3,0
GRAN SANBLE POU MATINIK,Nord,f,Marie-Frédérique ADREA-LORDINOT,4,0
GRAN SANBLE POU MATINIK,Nord,m,Lionel DESROSES,5,0
GRAN SANBLE POU MATINIK,Nord,f,Céline LOUISOR,6,0
GRAN SANBLE POU MATINIK,Nord,m,Max Clarisse MICHALON,7,0
GRAN SANBLE POU MATINIK,Nord,f,Viviane Marguerite BELLIARD,8,0
GRAN SANBLE POU MATINIK,Nord,m,Lucien CESARINE,9,0
GRAN SANBLE POU MATINIK,Nord,f,Roseline CATALAN,10,0
GRAN SANBLE POU MATINIK,Nord,m,José ZABEAU,11,0
GRAN SANBLE POU MATINIK,Nord,f,Colette ROSSI EPOUSE LOURI,12,0
GRAN SANBLE POU MATINIK,Nord,m,Claude Raymond COSSOU,13,0
GRAN SANBLE POU MATINIK,Nord,f,Elisabeth ROSALIE,14,0
GRAN SANBLE POU MATINIK,Nord,m,Herbert GEORGE,15,0
GRAN SANBLE POU MATINIK,Nord,f,Marie-George Christiane VETRO,16,0
GRAN SANBLE POU MATINIK,Sud,m,Alfred MARIE-JEANNE,1,1
GRAN SANBLE POU MATINIK,Sud,f,Stéphanie NORCA,2,0
GRAN SANBLE POU MATINIK,Sud,m,José MIRANDE,3,0
GRAN SANBLE POU MATINIK,Sud,f,Manuella CLEM-BERTHOLO,4,0
GRAN SANBLE POU MATINIK,Sud,m,Eugène LARCHER,5,0
GRAN SANBLE POU MATINIK,Sud,f,Sandra VALENTIN,6,0
GRAN SANBLE POU MATINIK,Sud,m,Marius NARCISSOT,7,0
GRAN SANBLE POU MATINIK,Sud,f,Josiane PINVILLE,8,0
GRAN SANBLE POU MATINIK,Sud,m,Valéry Irmine ADJUTOR,9,0
GRAN SANBLE POU MATINIK,Sud,f,Délhia LOUIS-SIDNEY,10,0
GRAN SANBLE POU MATINIK,Sud,m,Jocelyn INAMO,11,0
GRAN SANBLE POU MATINIK,Sud,f,Christiane PHAROSE,12,0
GRAN SANBLE POU MATINIK,Sud,m,Youri Nelson FERDINAND,13,0
GRAN SANBLE POU MATINIK,Sud,f,Sabrina BACHE,14,0
GRAN SANBLE POU MATINIK,Sud,m,Lucien ADENET,15,0
GRAN SANBLE POU MATINIK,Sud,f,Peggy DORESSAMY,16,0
LA MARTINIQUE AVANCE,Centre,m,Daniel Jean-Charles AJOUP,1,0
LA MARTINIQUE AVANCE,Centre,f,Claire Marie-Joseph Tatiana CONCY,2,0
LA MARTINIQUE AVANCE,Centre,m,Jean Marie André JACQUES-GUSTAVE,3,0
LA MARTINIQUE AVANCE,Centre,f,Marie Julie Jeanine Michelle FERDINAND (BREDAS),4,0
LA MARTINIQUE AVANCE,Centre,m,Gary RANDINE,5,0
LA MARTINIQUE AVANCE,Centre,f,Chantal RAPHAEL,6,0
LA MARTINIQUE AVANCE,Centre,m,Carl Claude CARDON,7,0
LA MARTINIQUE AVANCE,Centre,f,Patricia JOSEPH,8,0
LA MARTINIQUE AVANCE,Centre,m,Gilles Henri Robert Guy GRESSIER,9,0
LA MARTINIQUE AVANCE,Centre,f,Patricia Vincent ABAUL,10,0
LA MARTINIQUE AVANCE,Centre,m,Jean-Pierre Patrice LAFONTAINE,11,0
LA MARTINIQUE AVANCE,Centre,f,Martine COROSINE,12,0
LA MARTINIQUE AVANCE,Centre,m,George Jean-Baptiste VIGNE,13,0
LA MARTINIQUE AVANCE,Centre,f,Natacha RALAISOMAY,14,0
LA MARTINIQUE AVANCE,Centre,m,Samuel Félix FIRMIN,15,0
LA MARTINIQUE AVANCE,Centre,f,Sophie BOISSON,16,0
LA MARTINIQUE AVANCE,Centre,m,Castri Miguel IDEA,17,0
LA MARTINIQUE AVANCE,Fort-de-France,f,Charlotte Emilie GRESSIER,1,0
LA MARTINIQUE AVANCE,Fort-de-France,m,Mickael QUIQUINE,2,0
LA MARTINIQUE AVANCE,Fort-de-France,f,Marie-Paule Mrcelline FERDINAND,3,0
LA MARTINIQUE AVANCE,Fort-de-France,m,Nathanael Georges Guillaume PERMAL,4,0
LA MARTINIQUE AVANCE,Fort-de-France,f,Nicole MAUVOIS,5,0
LA MARTINIQUE AVANCE,Fort-de-France,m,Jean-Jérome IZAMBARD,6,0
LA MARTINIQUE AVANCE,Fort-de-France,f,Laure LAMBERT,7,0
LA MARTINIQUE AVANCE,Fort-de-France,m,Olivier HOCQUET,8,0
LA MARTINIQUE AVANCE,Fort-de-France,f,Anne-Marie MONROSE,9,0
LA MARTINIQUE AVANCE,Fort-de-France,m,Jean Victor LITTRE,10,0
LA MARTINIQUE AVANCE,Fort-de-France,f,Karine LIN-SI HOCQUET,11,0
LA MARTINIQUE AVANCE,Fort-de-France,m,Ludovic Jean-Marie MASSON,12,0
LA MARTINIQUE AVANCE,Fort-de-France,f,Céline FAURE,13,0
LA MARTINIQUE AVANCE,Fort-de-France,m,Idris Irenée ANTONIN,14,0
LA MARTINIQUE AVANCE,Fort-de-France,f,Jessica Ludivine ZOZIME,15,0
LA MARTINIQUE AVANCE,Nord,m,Guy Christian Marie FERDINAND,1,1
LA MARTINIQUE AVANCE,Nord,f,Rosemonde Andrée ZEBO JOURDAN,2,0
LA MARTINIQUE AVANCE,Nord,m,Noel CICALINI,3,0
LA MARTINIQUE AVANCE,Nord,f,Christine HUYGHUES DESPOINTES,4,0
LA MARTINIQUE AVANCE,Nord,m,José LEGER,5,0
LA MARTINIQUE AVANCE,Nord,f,Morgane ARAGONES,6,0
LA MARTINIQUE AVANCE,Nord,m,Steeve GOUYER,7,0
LA MARTINIQUE AVANCE,Nord,f,Léa-Marie SIMONIN-CAUVEMBERG,8,0
LA MARTINIQUE AVANCE,Nord,m,Benoit GIRIER,9,0
LA MARTINIQUE AVANCE,Nord,f,Genevieve Marie Chantal MELLIER VEUVE DINS,10,0
LA MARTINIQUE AVANCE,Nord,m,Valere Florentin JEAN,11,0
LA MARTINIQUE AVANCE,Nord,f,Rebecca HIERSO,12,0
LA MARTINIQUE AVANCE,Nord,m,Ismael NESTILE,13,0
LA MARTINIQUE AVANCE,Nord,f,Lorena Felicie ZEBO,14,0
LA MARTINIQUE AVANCE,Nord,m,Bruno Joel Arsene CAUVEMBERG,15,0
LA MARTINIQUE AVANCE,Nord,f,Gueruista JEAN FRANCOIS,16,0
LA MARTINIQUE AVANCE,Sud,m,Vianney François Marie CAUDRON,1,0
LA MARTINIQUE AVANCE,Sud,f,Line Barthélémy RIQUIER,2,0
LA MARTINIQUE AVANCE,Sud,m,Pierre-Walter Thierry Mike VARKALA,3,0
LA MARTINIQUE AVANCE,Sud,f,Emilie JONCART,4,0
LA MARTINIQUE AVANCE,Sud,m,Stephane Jean Roger ISAAC,5,0
LA MARTINIQUE AVANCE,Sud,f,Marie-Louise Hélène GRESSIER,6,0
LA MARTINIQUE AVANCE,Sud,m,Christophe  Edouard Abel BONITEAU,7,0
LA MARTINIQUE AVANCE,Sud,f,Sonia CARDOSO,8,0
LA MARTINIQUE AVANCE,Sud,m,Diego Gabriel Andréa ESTEBAN,9,0
LA MARTINIQUE AVANCE,Sud,f,Evelyne Edmond RIQUIER,10,0
LA MARTINIQUE AVANCE,Sud,m,Patrice Claude Louis FEYRY,11,0
LA MARTINIQUE AVANCE,Sud,f,Lyvia Sarah Eugénie MERLINI,12,0
LA MARTINIQUE AVANCE,Sud,m,Jonathan Stéphen VAUDRAN,13,0
LA MARTINIQUE AVANCE,Sud,f,Annie Medard PETREIN,14,0
LA MARTINIQUE AVANCE,Sud,m,Alexis Joseph ETIENNE,15,0
LA MARTINIQUE AVANCE,Sud,f,Karine Sidonie LOUISON,16,0
AKM AKTE KILTI MATNIK,Centre,m,Eric CRISPIN,1,0
AKM AKTE KILTI MATNIK,Centre,f,Annie-Claude MAURIOL,2,0
AKM AKTE KILTI MATNIK,Centre,m,Jonas RAVON,3,0
AKM AKTE KILTI MATNIK,Centre,f,Keycia VIRAPIN,4,0
AKM AKTE KILTI MATNIK,Centre,m,Jean-Marc GRAND,5,0
AKM AKTE KILTI MATNIK,Centre,f,Gwladys NUBERON,6,0
AKM AKTE KILTI MATNIK,Centre,m,Stribline LIBON,7,0
AKM AKTE KILTI MATNIK,Centre,f,Nadia ANGEON,8,0
AKM AKTE KILTI MATNIK,Centre,m,Yves RILOS,9,0
AKM AKTE KILTI MATNIK,Centre,f,Christine NORTIA,10,0
AKM AKTE KILTI MATNIK,Centre,m,Christophe ALCINDOR,11,0
AKM AKTE KILTI MATNIK,Centre,f,Lisa CATIN,12,0
AKM AKTE KILTI MATNIK,Centre,m,Steeve FELIX,13,0
AKM AKTE KILTI MATNIK,Centre,f,Manuella CLEM,14,0
AKM AKTE KILTI MATNIK,Centre,m,Elie LIBRI,15,0
AKM AKTE KILTI MATNIK,Centre,f,Marie-Line CHATON,16,0
AKM AKTE KILTI MATNIK,Centre,m,Joël MERANOS,17,0
AKM AKTE KILTI MATNIK,Fort-de-France,m,Yann MIEVILLY,1,0
AKM AKTE KILTI MATNIK,Fort-de-France,f,Sophia SABINE,2,0
AKM AKTE KILTI MATNIK,Fort-de-France,m,Didier MICHALON,3,0
AKM AKTE KILTI MATNIK,Fort-de-France,f,Rosetta VARASSE,4,0
AKM AKTE KILTI MATNIK,Fort-de-France,m,Olivier LEDOUX,5,0
AKM AKTE KILTI MATNIK,Fort-de-France,f,Guilène REGAL,6,0
AKM AKTE KILTI MATNIK,Fort-de-France,m,Kévin CHAUVET,7,0
AKM AKTE KILTI MATNIK,Fort-de-France,f,Héléna CABRE,8,0
AKM AKTE KILTI MATNIK,Fort-de-France,m,Dominique MARIE-ANGELIQUE,9,0
AKM AKTE KILTI MATNIK,Fort-de-France,f,Catherine PAM,10,0
AKM AKTE KILTI MATNIK,Fort-de-France,m,Tony LANOIR,11,0
AKM AKTE KILTI MATNIK,Fort-de-France,f,Marthe VEILLEUR,12,0
AKM AKTE KILTI MATNIK,Fort-de-France,m,Didier DALMAT,13,0
AKM AKTE KILTI MATNIK,Fort-de-France,f,Caty LEOPOLDIE,14,0
AKM AKTE KILTI MATNIK,Fort-de-France,m,Bryam VARASSE,15,0
AKM AKTE KILTI MATNIK,Nord,f,Elisabeth CLAVER,1,0
AKM AKTE KILTI MATNIK,Nord,m,Manuel LUCIEN-REINETTE,2,0
AKM AKTE KILTI MATNIK,Nord,f,Véronique ESCAVOCAF,3,0
AKM AKTE KILTI MATNIK,Nord,m,Mathyas NILOR,4,0
AKM AKTE KILTI MATNIK,Nord,f,Séverine BATAILLE,5,0
AKM AKTE KILTI MATNIK,Nord,m,Rony THALMENSI,6,0
AKM AKTE KILTI MATNIK,Nord,f,Muriel MARNY,7,0
AKM AKTE KILTI MATNIK,Nord,m,Rémy DEMESSAZ,8,0
AKM AKTE KILTI MATNIK,Nord,f,Sonia JANVIER,9,0
AKM AKTE KILTI MATNIK,Nord,m,Morgan VARASSE,10,0
AKM AKTE KILTI MATNIK,Nord,f,Sheba BRIGITTE,11,0
AKM AKTE KILTI MATNIK,Nord,m,Mathias CHERY,12,0
AKM AKTE KILTI MATNIK,Nord,f,Viviane ZECLER,13,0
AKM AKTE KILTI MATNIK,Nord,m,Steeve GERMANY,14,0
AKM AKTE KILTI MATNIK,Nord,f,Nicole RABORIO,15,0
AKM AKTE KILTI MATNIK,Nord,m,Yannick YSAÏDE,16,0
AKM AKTE KILTI MATNIK,Sud,m,Olivier BERISSON,1,1
AKM AKTE KILTI MATNIK,Sud,f,Guilaine SABINE,2,0
AKM AKTE KILTI MATNIK,Sud,m,Jean-Philippe YUNG-HING,3,0
AKM AKTE KILTI MATNIK,Sud,f,Annie GROS-DUBOIS,4,0
AKM AKTE KILTI MATNIK,Sud,m,Jérôme PADRA,5,0
AKM AKTE KILTI MATNIK,Sud,f,Lucienne LOF,6,0
AKM AKTE KILTI MATNIK,Sud,m,David TOULON,7,0
AKM AKTE KILTI MATNIK,Sud,f,Sandrina MARIE-LOUISE,8,0
AKM AKTE KILTI MATNIK,Sud,m,Louis-Marie JEAN-ELIE,9,0
AKM AKTE KILTI MATNIK,Sud,f,Sandrine HONORE,10,0
AKM AKTE KILTI MATNIK,Sud,m,Esaïe MAXIME,11,0
AKM AKTE KILTI MATNIK,Sud,f,Danielle DORMOI,12,0
AKM AKTE KILTI MATNIK,Sud,m,François FARDIN,13,0
AKM AKTE KILTI MATNIK,Sud,f,Sandrine SYLVESTRE,14,0
AKM AKTE KILTI MATNIK,Sud,m,Julien BURLET,15,0
AKM AKTE KILTI MATNIK,Sud,f,Sandrine EMONIDE,16,0
MI CHANS MATINIK,Centre,f,Karine MOUSSEAU,1,0
MI CHANS MATINIK,Centre,m,Jonathan TABAR,2,0
MI CHANS MATINIK,Centre,f,Marie-Lyne GORNELLI,3,0
MI CHANS MATINIK,Centre,m,Joël FAFARD,4,0
MI CHANS MATINIK,Centre,f,Eliane ESPARTERO,5,0
MI CHANS MATINIK,Centre,m,Jean-Louis LAVENTURE,6,0
MI CHANS MATINIK,Centre,f,Nathalie LEGER,7,0
MI CHANS MATINIK,Centre,m,Roland DORIVAL,8,0
MI CHANS MATINIK,Centre,f,Suzelle MARCUS,9,0
MI CHANS MATINIK,Centre,m,Steeve Charles PAVADE,10,0
MI CHANS MATINIK,Centre,f,Gladys Claude COUTA,11,0
MI CHANS MATINIK,Centre,m,Gustave Calixte TIN,12,0
MI CHANS MATINIK,Centre,f,Katelyne LERANDY,13,0
MI CHANS MATINIK,Centre,m,Thierry MONTLOUIS-GABRIEL,14,0
MI CHANS MATINIK,Centre,f,Louisiane Irène LICAN,15,0
MI CHANS MATINIK,Centre,m,Charles FELIXINE,16,0
MI CHANS MATINIK,Centre,f,Marlène Ursule LAVIOLETTE DUBOIS,17,0
MI CHANS MATINIK,Fort-de-France,m,Yan MONPLAISIR,1,1
MI CHANS MATINIK,Fort-de-France,f,Diane Nathalie MONTROSE,2,0
MI CHANS MATINIK,Fort-de-France,m,Henri SALOMON,3,0
MI CHANS MATINIK,Fort-de-France,f,Perle LAMA,4,0
MI CHANS MATINIK,Fort-de-France,m,Samuel Henri DORWLING-CARTER,5,0
MI CHANS MATINIK,Fort-de-France,f,Huguette Léonne JEAN-JOSEPH,6,0
MI CHANS MATINIK,Fort-de-France,m,Fabrice CROCHEMAR,7,0
MI CHANS MATINIK,Fort-de-France,f,Gaëlle STEPH,8,0
MI CHANS MATINIK,Fort-de-France,m,Pierre KICHENAMA,9,0
MI CHANS MATINIK,Fort-de-France,f,Patricia SAINT-OLYMPE,10,0
MI CHANS MATINIK,Fort-de-France,m,Roger NOLBAS,11,0
MI CHANS MATINIK,Fort-de-France,f,Virginie MOUSSEAU,12,0
MI CHANS MATINIK,Fort-de-France,m,Claude-Alain ROSE-ROSETTE,13,0
MI CHANS MATINIK,Fort-de-France,f,Amal OSMAN,14,0
MI CHANS MATINIK,Fort-de-France,m,Michel CHALONO,15,0
MI CHANS MATINIK,Nord,m,Fred Michel LORDINOT,1,0
MI CHANS MATINIK,Nord,f,Marinette TORPILLE,2,0
MI CHANS MATINIK,Nord,m,Guy FLANDRINA,3,0
MI CHANS MATINIK,Nord,f,Séverine PRUFER,4,0
MI CHANS MATINIK,Nord,m,Daniel MARLET,5,0
MI CHANS MATINIK,Nord,f,Mylène Elisabeth HERACLIDE,6,0
MI CHANS MATINIK,Nord,m,Yann DESCAS,7,0
MI CHANS MATINIK,Nord,f,Haïcha PATTERY,8,0
MI CHANS MATINIK,Nord,m,Dorothée BONNIALY,9,0
MI CHANS MATINIK,Nord,f,Marie-Josée NIENAT BRIVAL,10,0
MI CHANS MATINIK,Nord,m,Tony Gelase RENARD,11,0
MI CHANS MATINIK,Nord,f,Annie LOE-MIE,12,0
MI CHANS MATINIK,Nord,m,Sylvestre DOHAM,13,0
MI CHANS MATINIK,Nord,f,Ghislaine BRIVAL,14,0
MI CHANS MATINIK,Nord,m,Sylvain TRAQUE,15,0
MI CHANS MATINIK,Nord,f,Eliane MIEVILLY,16,0
MI CHANS MATINIK,Sud,f,Sylvia SAITHSOOTHANE,1,0
MI CHANS MATINIK,Sud,m,Ludovic Christophe OCCOLIER,2,0
MI CHANS MATINIK,Sud,f,Yvonne Dominique TRITZ,3,0
MI CHANS MATINIK,Sud,m,Allan SAINVILLE,4,0
MI CHANS MATINIK,Sud,f,Lorna BASPIN,5,0
MI CHANS MATINIK,Sud,m,Gabriel LAGRANDCOURT,6,0
MI CHANS MATINIK,Sud,f,Vanessa LAIGLE,7,0
MI CHANS MATINIK,Sud,m,Eric COPPET,8,0
MI CHANS MATINIK,Sud,f,Patricia SERBIN,9,0
MI CHANS MATINIK,Sud,m,Jean-Yves PANCRATE,10,0
MI CHANS MATINIK,Sud,f,Yohanne DINTIMILLE,11,0
MI CHANS MATINIK,Sud,m,Jean-Marc LUSBEC,12,0
MI CHANS MATINIK,Sud,f,Karine THERESE,13,0
MI CHANS MATINIK,Sud,m,Jean-Christian Hubert Georges DUQUET,14,0
MI CHANS MATINIK,Sud,f,Maëlle MARIE-LOUISE,15,0
MI CHANS MATINIK,Sud,m,Jean-Louis ROUVILLAIN,16,0
LA MARTINIQUE ENSEMBLE,Centre,f,Marie-Frantz TINOT,1,0
LA MARTINIQUE ENSEMBLE,Centre,m,Johnny ROSE,2,0
LA MARTINIQUE ENSEMBLE,Centre,f,Laura LITADIER,3,0
LA MARTINIQUE ENSEMBLE,Centre,m,François-Christophe URSULET,4,0
LA MARTINIQUE ENSEMBLE,Centre,f,Carine BEAUBANT GAMBIE,5,0
LA MARTINIQUE ENSEMBLE,Centre,m,Ludovic ROMAIN,6,0
LA MARTINIQUE ENSEMBLE,Centre,f,Régine JEAN-EUSTACHE POGNON,7,0
LA MARTINIQUE ENSEMBLE,Centre,m,Jean-Hugues EURANIE,8,0
LA MARTINIQUE ENSEMBLE,Centre,f,Georgette RANGOLY,9,0
LA MARTINIQUE ENSEMBLE,Centre,m,Jean-Paul CHEMIR,10,0
LA MARTINIQUE ENSEMBLE,Centre,f,Mireille LOUEMBA LETI,11,0
LA MARTINIQUE ENSEMBLE,Centre,m,Jérémy TERRINE,12,0
LA MARTINIQUE ENSEMBLE,Centre,f,Clarisse LAPART,13,0
LA MARTINIQUE ENSEMBLE,Centre,m,Jonathan ANACLET,14,0
LA MARTINIQUE ENSEMBLE,Centre,f,Murièle SALPETRIER,15,0
LA MARTINIQUE ENSEMBLE,Centre,m,Lionel GRANDIN,16,0
LA MARTINIQUE ENSEMBLE,Centre,f,Eveline DUFRENOT,17,0
LA MARTINIQUE ENSEMBLE,Fort-de-France,f,Catherine CONCONNE,1,1
LA MARTINIQUE ENSEMBLE,Fort-de-France,m,Julien VILLET,2,0
LA MARTINIQUE ENSEMBLE,Fort-de-France,f,Katy DORE,3,0
LA MARTINIQUE ENSEMBLE,Fort-de-France,m,Max MORINIERE,4,0
LA MARTINIQUE ENSEMBLE,Fort-de-France,f,Barbara JEAN-ELIE,5,0
LA MARTINIQUE ENSEMBLE,Fort-de-France,m,Mike ADRASSE,6,0
LA MARTINIQUE ENSEMBLE,Fort-de-France,f,Edithe VELAYOUDON,7,0
LA MARTINIQUE ENSEMBLE,Fort-de-France,m,Raymond REMISSE,8,0
LA MARTINIQUE ENSEMBLE,Fort-de-France,f,Marlène PARIZE-VALDOR,9,0
LA MARTINIQUE ENSEMBLE,Fort-de-France,m,Philippe ROSIER,10,0
LA MARTINIQUE ENSEMBLE,Fort-de-France,f,Adrianna LAMALLE,11,0
LA MARTINIQUE ENSEMBLE,Fort-de-France,m,Robert Christophe SAMSON-EMMANUEL,12,0
LA MARTINIQUE ENSEMBLE,Fort-de-France,f,Alexandra ROCH,13,0
LA MARTINIQUE ENSEMBLE,Fort-de-France,m,Marc SEFIL,14,0
LA MARTINIQUE ENSEMBLE,Fort-de-France,f,Mirella PHEBIDIAS,15,0
LA MARTINIQUE ENSEMBLE,Nord,m,Christian RAPHA,1,0
LA MARTINIQUE ENSEMBLE,Nord,f,Kora BERNABE,2,0
LA MARTINIQUE ENSEMBLE,Nord,m,Claude LISLET,3,0
LA MARTINIQUE ENSEMBLE,Nord,f,Laurence JEANNE-ROSE,4,0
LA MARTINIQUE ENSEMBLE,Nord,m,Jocelyn MARRON,5,0
LA MARTINIQUE ENSEMBLE,Nord,f,Julie THOBOR GROS-DESIRS,6,0
LA MARTINIQUE ENSEMBLE,Nord,m,Jean-Emile SIMPHOR,7,0
LA MARTINIQUE ENSEMBLE,Nord,f,Chantal BAUCELIN,8,0
LA MARTINIQUE ENSEMBLE,Nord,m,Patrick ULTET,9,0
LA MARTINIQUE ENSEMBLE,Nord,f,Rylha MARTIAL,10,0
LA MARTINIQUE ENSEMBLE,Nord,m,Pierre Marcel DIAZ,11,0
LA MARTINIQUE ENSEMBLE,Nord,f,Kalthoum BEN M'BARECK,12,0
LA MARTINIQUE ENSEMBLE,Nord,m,Michel ULLINDAH,13,0
LA MARTINIQUE ENSEMBLE,Nord,f,Chantal ZAIRE,14,0
LA MARTINIQUE ENSEMBLE,Nord,m,Stéphane ZIE-ME,15,0
LA MARTINIQUE ENSEMBLE,Nord,f,Régine SAINTE-CROIX,16,0
LA MARTINIQUE ENSEMBLE,Sud,m,Fred Michel TIRAULT,1,0
LA MARTINIQUE ENSEMBLE,Sud,f,Lucie LEBRAVE,2,0
LA MARTINIQUE ENSEMBLE,Sud,m,Ruddy DUVILLE,3,0
LA MARTINIQUE ENSEMBLE,Sud,f,Ruidice LABANARD,4,0
LA MARTINIQUE ENSEMBLE,Sud,m,Daniel ELMIRA,5,0
LA MARTINIQUE ENSEMBLE,Sud,f,Marie-Line AMPIGNY,6,0
LA MARTINIQUE ENSEMBLE,Sud,m,Stéphane MIRANDE,7,0
LA MARTINIQUE ENSEMBLE,Sud,f,Madeleine CIVATON,8,0
LA MARTINIQUE ENSEMBLE,Sud,m,Christophe SAINT-CYR,9,0
LA MARTINIQUE ENSEMBLE,Sud,f,Marie-Josée ALGER,10,0
LA MARTINIQUE ENSEMBLE,Sud,m,Victor VARRIN-DOYER,11,0
LA MARTINIQUE ENSEMBLE,Sud,f,Valérie Clémence COPPET,12,0
LA MARTINIQUE ENSEMBLE,Sud,m,Grégory GERME,13,0
LA MARTINIQUE ENSEMBLE,Sud,f,Gessy VIGILANT,14,0
LA MARTINIQUE ENSEMBLE,Sud,m,Guillaume PULVAR,15,0
LA MARTINIQUE ENSEMBLE,Sud,f,Martine CLAIRVOYANT,16,0
COMBAT OUVRIER - FAIRE ENTENDRE LE CAMP DES TRAVAILLEURS,Centre,m,Louis MAUGEE,1,0
COMBAT OUVRIER - FAIRE ENTENDRE LE CAMP DES TRAVAILLEURS,Centre,f,Luciana SHOULETTE,2,0
COMBAT OUVRIER - FAIRE ENTENDRE LE CAMP DES TRAVAILLEURS,Centre,m,Gérard BELTAN,3,0
COMBAT OUVRIER - FAIRE ENTENDRE LE CAMP DES TRAVAILLEURS,Centre,f,Marie-Antoinette CARDA,4,0
COMBAT OUVRIER - FAIRE ENTENDRE LE CAMP DES TRAVAILLEURS,Centre,m,Jean-Marc VERT-PRE,5,0
COMBAT OUVRIER - FAIRE ENTENDRE LE CAMP DES TRAVAILLEURS,Centre,f,Yolène FLOBINUS,6,0
COMBAT OUVRIER - FAIRE ENTENDRE LE CAMP DES TRAVAILLEURS,Centre,m,Yves GLANY,7,0
COMBAT OUVRIER - FAIRE ENTENDRE LE CAMP DES TRAVAILLEURS,Centre,f,Annie COLLOT,8,0
COMBAT OUVRIER - FAIRE ENTENDRE LE CAMP DES TRAVAILLEURS,Centre,m,Yannick Alvin EMMANUEL,9,0
COMBAT OUVRIER - FAIRE ENTENDRE LE CAMP DES TRAVAILLEURS,Centre,f,Marilyn BASTE,10,0
COMBAT OUVRIER - FAIRE ENTENDRE LE CAMP DES TRAVAILLEURS,Centre,m,André Laurent VALOIR,11,0
COMBAT OUVRIER - FAIRE ENTENDRE LE CAMP DES TRAVAILLEURS,Centre,f,Eliane DAVIDAS,12,0
COMBAT OUVRIER - FAIRE ENTENDRE LE CAMP DES TRAVAILLEURS,Centre,m,Marc-André VILLAGEOIS,13,0
COMBAT OUVRIER - FAIRE ENTENDRE LE CAMP DES TRAVAILLEURS,Centre,f,Agnès DUFEAL,14,0
COMBAT OUVRIER - FAIRE ENTENDRE LE CAMP DES TRAVAILLEURS,Centre,m,Clément SULIO,15,0
COMBAT OUVRIER - FAIRE ENTENDRE LE CAMP DES TRAVAILLEURS,Centre,f,Sonia BAYARDIN,16,0
COMBAT OUVRIER - FAIRE ENTENDRE LE CAMP DES TRAVAILLEURS,Centre,m,Fred Alain MARTAIL,17,0
COMBAT OUVRIER - FAIRE ENTENDRE LE CAMP DES TRAVAILLEURS,Fort-de-France,m,Gabriel JEAN-MARIE,1,1
COMBAT OUVRIER - FAIRE ENTENDRE LE CAMP DES TRAVAILLEURS,Fort-de-France,f,Mélanie Laura SULIO,2,0
COMBAT OUVRIER - FAIRE ENTENDRE LE CAMP DES TRAVAILLEURS,Fort-de-France,m,Jean-Jacques MAGIT,3,0
COMBAT OUVRIER - FAIRE ENTENDRE LE CAMP DES TRAVAILLEURS,Fort-de-France,f,Rosella BROCHE,4,0
COMBAT OUVRIER - FAIRE ENTENDRE LE CAMP DES TRAVAILLEURS,Fort-de-France,m,Bruno François BEAUNOL,5,0
COMBAT OUVRIER - FAIRE ENTENDRE LE CAMP DES TRAVAILLEURS,Fort-de-France,f,Florence Nadiège MARTIN,6,0
COMBAT OUVRIER - FAIRE ENTENDRE LE CAMP DES TRAVAILLEURS,Fort-de-France,m,Casimir BRENA,7,0
COMBAT OUVRIER - FAIRE ENTENDRE LE CAMP DES TRAVAILLEURS,Fort-de-France,f,Rosette DIGONAL,8,0
COMBAT OUVRIER - FAIRE ENTENDRE LE CAMP DES TRAVAILLEURS,Fort-de-France,m,Pierre BRISSONNET,9,0
COMBAT OUVRIER - FAIRE ENTENDRE LE CAMP DES TRAVAILLEURS,Fort-de-France,f,Guylène Solange TRABILORD,10,0
COMBAT OUVRIER - FAIRE ENTENDRE LE CAMP DES TRAVAILLEURS,Fort-de-France,m,Rodrigue PIED,11,0
COMBAT OUVRIER - FAIRE ENTENDRE LE CAMP DES TRAVAILLEURS,Fort-de-France,f,Shirley POTTINGER-GONZALEZ,12,0
COMBAT OUVRIER - FAIRE ENTENDRE LE CAMP DES TRAVAILLEURS,Fort-de-France,m,Eric Vincent VINCENT,13,0
COMBAT OUVRIER - FAIRE ENTENDRE LE CAMP DES TRAVAILLEURS,Fort-de-France,f,Ghislaine JOACHIM-ARNAUD,14,0
COMBAT OUVRIER - FAIRE ENTENDRE LE CAMP DES TRAVAILLEURS,Fort-de-France,m,Théodore FOIST,15,0
COMBAT OUVRIER - FAIRE ENTENDRE LE CAMP DES TRAVAILLEURS,Nord,f,Marie-Hellen Nazaire MARTHE-DITE-SURELLY,1,0
COMBAT OUVRIER - FAIRE ENTENDRE LE CAMP DES TRAVAILLEURS,Nord,m,Laurent CENTAURE,2,0
COMBAT OUVRIER - FAIRE ENTENDRE LE CAMP DES TRAVAILLEURS,Nord,f,Guérita GOVINDY,3,0
COMBAT OUVRIER - FAIRE ENTENDRE LE CAMP DES TRAVAILLEURS,Nord,m,Jean Etienne BREDAS,4,0
COMBAT OUVRIER - FAIRE ENTENDRE LE CAMP DES TRAVAILLEURS,Nord,f,Joëlle ROVELA,5,0
COMBAT OUVRIER - FAIRE ENTENDRE LE CAMP DES TRAVAILLEURS,Nord,m,Agnan Jocky VAUBIEN,6,0
COMBAT OUVRIER - FAIRE ENTENDRE LE CAMP DES TRAVAILLEURS,Nord,f,Marie-Noëlle PHILLIPY,7,0
COMBAT OUVRIER - FAIRE ENTENDRE LE CAMP DES TRAVAILLEURS,Nord,m,Rose Elie TATLOT,8,0
COMBAT OUVRIER - FAIRE ENTENDRE LE CAMP DES TRAVAILLEURS,Nord,f,Céline Nicole LORIOL,9,0
COMBAT OUVRIER - FAIRE ENTENDRE LE CAMP DES TRAVAILLEURS,Nord,m,Patrick Monique FLOBINUS,10,0
COMBAT OUVRIER - FAIRE ENTENDRE LE CAMP DES TRAVAILLEURS,Nord,f,Athanase Marthe EUPHROSINE,11,0
COMBAT OUVRIER - FAIRE ENTENDRE LE CAMP DES TRAVAILLEURS,Nord,m,Patrice PIERRON,12,0
COMBAT OUVRIER - FAIRE ENTENDRE LE CAMP DES TRAVAILLEURS,Nord,f,Kiliane LECHERTIER,13,0
COMBAT OUVRIER - FAIRE ENTENDRE LE CAMP DES TRAVAILLEURS,Nord,m,Gaëtan Alex DUFEAL,14,0
COMBAT OUVRIER - FAIRE ENTENDRE LE CAMP DES TRAVAILLEURS,Nord,f,Maryse MARIE-SAINTE,15,0
COMBAT OUVRIER - FAIRE ENTENDRE LE CAMP DES TRAVAILLEURS,Nord,m,Luc LOUIS-THERESE,16,0
COMBAT OUVRIER - FAIRE ENTENDRE LE CAMP DES TRAVAILLEURS,Sud,m,Eric LOUIS-ALEXANDRE,1,0
COMBAT OUVRIER - FAIRE ENTENDRE LE CAMP DES TRAVAILLEURS,Sud,f,Agnès ADOLPHE,2,0
COMBAT OUVRIER - FAIRE ENTENDRE LE CAMP DES TRAVAILLEURS,Sud,m,Steve CIZO,3,0
COMBAT OUVRIER - FAIRE ENTENDRE LE CAMP DES TRAVAILLEURS,Sud,f,Thérèse JOSEPH-BONIFACE,4,0
COMBAT OUVRIER - FAIRE ENTENDRE LE CAMP DES TRAVAILLEURS,Sud,m,Raymond JOSEPH,5,0
COMBAT OUVRIER - FAIRE ENTENDRE LE CAMP DES TRAVAILLEURS,Sud,f,Marie-Annick Roberte HENDERSON,6,0
COMBAT OUVRIER - FAIRE ENTENDRE LE CAMP DES TRAVAILLEURS,Sud,m,Théodose TRUXILLO,7,0
COMBAT OUVRIER - FAIRE ENTENDRE LE CAMP DES TRAVAILLEURS,Sud,f,Régine JEAN-MARIE,8,0
COMBAT OUVRIER - FAIRE ENTENDRE LE CAMP DES TRAVAILLEURS,Sud,m,Alex LEGENDRI,9,0
COMBAT OUVRIER - FAIRE ENTENDRE LE CAMP DES TRAVAILLEURS,Sud,f,Thomas Paulette FIDOL,10,0
COMBAT OUVRIER - FAIRE ENTENDRE LE CAMP DES TRAVAILLEURS,Sud,m,Philippe Eddy SIMOND,11,0
COMBAT OUVRIER - FAIRE ENTENDRE LE CAMP DES TRAVAILLEURS,Sud,f,Madjanie Isabelle LEPRIX,12,0
COMBAT OUVRIER - FAIRE ENTENDRE LE CAMP DES TRAVAILLEURS,Sud,m,Albéric TAVUS,13,0
COMBAT OUVRIER - FAIRE ENTENDRE LE CAMP DES TRAVAILLEURS,Sud,f,Josiane Expédit GUITTEAUD,14,0
COMBAT OUVRIER - FAIRE ENTENDRE LE CAMP DES TRAVAILLEURS,Sud,m,Armand CAVALIER,15,0
COMBAT OUVRIER - FAIRE ENTENDRE LE CAMP DES TRAVAILLEURS,Sud,f,Ilvrine TOM,16,0
